How many years of work experience do you have with Ruby?,
How many years of work experience do you have with NET Core?,
How many years of work experience do you have with C in NET?,
How many years of work experience do you have with NET in Azure?,
<!---->Are you legally authorized to work in Canada without any additional visa assistance?<!---->,
<!---->What is your level of proficiency in English?<!---->,
"<!---->Are you able to work PST hours?<span class=""white-space-pre""> </span>",
How many years of work experience do you have with Azure DevOps Services?,
"<!---->Have you led a team before?<span class=""white-space-pre""> </span>",
How many years of work experience do you have with JDE Enterprise One?,
How many years of work experience do you have with REST APIs?,
<!---->Are you comfortable working in a remote setting?<!---->,
How many years of work experience do you have with Adobe Experience Manager AEM?,
How many years of work experience do you have with Java?,
How many years of work experience do you have with Adobe Experience Cloud?,
How many years of work experience do you have with Distributed Systems?,
<!---->Do you have hands on experience with Distributed Training?<!---->,
How many years of work experience do you have with Microsoft Azure?,
How many years of work experience do you have with C?,
How many years of work experience do you have with Azure Kubernetes Service AKS?,
<!---->Have you completed the following level of education: Bachelor's Degree?<!---->,
How many years of work experience do you have with Oracle Database?,
How many years of work experience do you have with PLSQL?,
How many years of work experience do you have with Crystal Reports?,
How many years of work experience do you have with SAP BusinessObjects?,
"<!---->Are you willing to take a drug test, in accordance with local law/regulations?<!---->",
How many years of work experience do you have with Reactjs?,
How many years of work experience do you have with API Development?,
How many years of work experience do you have with Single Page Applications?,
How many years of work experience do you have with Azure Logic Apps?,
How many years of work experience do you have with Azure Service Bus?,
How many years of work experience do you have with Continuous Integration and Continuous Delivery CICD?,
How many years of work experience do you have with NET Framework?,
How many years of experience do you have with Zscaler?,
"<!---->Experience with AWS services such as Athena, Spark, EMR, and S3 in the context of data engineering and ETL processes<!---->",
How many years of work experience do you have with Kubernetes?,
How many years of work experience do you have with Cryptography?,
"<!---->Have you ever been responsible for the cryptography within a product or utilized openssl, boringssl, or bouncy castle within your work?<span class=""white-space-pre""> </span>",
How many years of work experience do you have with Vuejs?,
How many years of work experience do you have with Docker Products?,
How many years of work experience do you have with NET Architecture?,
Years of experience working with MS SQL Database Table Design Stored Procedures Entity Framework from C to SQL Index Tuning,
Years of experience in Web UI Development Either public facing or internal,
Years of experience developing code that deploys to Cloud Services,
Years of experience developing using MS Azure,
Years of experience in Visual Studio,
Years of experience in Azure Devops,
Years of experience with Gitbased source control,
Years of experience with MVC,
Years of experience with Javascript,
Years of experience in API development,
Years of experience in Cloud Based Services Queue triggerstimer triggersetc,
Years of experience in Windows Services,
Years of experience developing in the Payment Processing Industry,
Years of experience doing Payment Terminal Integrations,
Years of experience doing Payment Gateway Integrations,
How many years of work experience do you have with Google Cloud Platform GCP?,
How many years of work experience do you have with Scripting?,
How many years of work experience do you have with Software Development?,
How many years of work experience do you have with Django REST Framework?,
How many years of work experience do you have with Spring Boot?,
How many years of Information Technology experience do you currently have?,
How many years of work experience do you have with Microsoft SQL Server?,
How many years of work experience do you have with Blazor?,
How many years of work experience do you have with Git?,
4 years of Software Engineering experience or equivalent demonstrated through one or a combination of the following work experience training military experience education,
"<!---->Should have Experience on ActOne and RCM, JAVA, Actimize.<!---->",
<!---->Will you now or in the future require sponsorship for employment visa status?<!---->,
How many years of work experience do you have with Amazon Web Services AWS?,
How many years of work experience do you have with Python Programming Language?,
How many years of work experience do you have with DevOps?,
How many years of work experience do you have with iOS Development?,
How many years of work experience do you have with Android Development?,
<!---->Would you like to receive emails or text messages about this job and other matching opportunities?<!---->,
<!---->Do you have experience with both Android and iOS?<!---->,
How many years of experience do you have with Nodejs?,
"<!---->Do you have experience working on large scalable systems?<span class=""white-space-pre""> </span>",
How many years of professional industry experience do you have developing perception algorithms for autonomous driving or robotics applications?,
"<!---->Have you got extensive work experience with all of the following (TypeScript, React, GraphQL, Node)?<!---->",
"<!---->Will you now, or in the future, require sponsorship for employment visa status (e.g. H-1B visa status)?<!---->",
<!---->Are you legally authorized to work in the United States?<!---->,
How many years of experience do you have with Docker and Kubernetes?,
How many years of experience do you have with Golang?,
<!---->Do you have prior experience with operating systems with emphasis on resource usage and monitoring?<!---->,
How many years of work experience do you have with Trajectory Optimization?,
How many years of professional industry experience do you have working on autonomous vehicle or robotics programs?,
